bank,date,speaker,title,is_monetary,body_len,url,body_preview
FED,2021-12-17,Governor Christopher J. Waller,A Hopeless and Imperative Endeavor: Lessons from the Pandemic for Economic Forecasters,True,22740,https://www.federalreserve.gov/newsevents/speech/waller20211217a.htm,"December 17, 2021
Governor Christopher J. Waller
At the Forecasters Club of New York, New York, New York
Thank you, Mike, for the introduction. It is a privilege for me to address fellow macroeconomic forecasters, and I thought an appropriate subject would be the challenge of forecasting during the "
FED,2021-12-02,Governor Randal K. Quarles,Between the Hither and the Farther Shore: Thoughts on Unfinished Business,True,48420,https://www.federalreserve.gov/newsevents/speech/quarles20211202a.htm,"December 02, 2021
Governor Randal K. Quarles
At the American Enterprise Institute, Washington, D.C.
When I joined the Board of Governors as Vice Chair for Supervision in the fall of 2017, the Federal Reserve was in the latter stages of a decade-long effort to build a new financial regulatory framewo"
FED,2021-11-30,Vice Chair Richard H. Clarida,Federal Reserve Independence: Foundations and Responsibilities,True,26434,https://www.federalreserve.gov/newsevents/speech/clarida20211130a.htm,"November 30, 2021
Vice Chair Richard H. Clarida
At the Federal Reserve Bank of Cleveland, Cleveland, Ohio (via livestream)
The COVID-19 pandemic and the mitigation efforts put in place to contain it delivered the most severe blow to the U.S. and global economies since the Great Depression.1Gross dom"
FED,2021-11-29,Governor Michelle W. Bowman,"Engagement, Research and Policy: Integrating Indigenous Voices into Economic Inclusion at the Federal Reserve",False,0,https://www.federalreserve.gov/newsevents/speech/bowman20211129a.htm,
FED,2021-11-29,Chair Jerome H. Powell,Opening Remarks,False,3223,https://www.federalreserve.gov/newsevents/speech/powell20211129a.htm,"November 29, 2021
Chair Jerome H. Powell
At the Introducing the New York Innovation Center Event, Washington, D.C. (via webcast)
Accessible Keys for Video
[Space Bar]toggles play/pause;
[Right/Left Arrows]seeks the video forwards and back (5 sec );
[Up/Down Arrows]increase/decrease volume;
[M]toggle"
FED,2021-11-19,Vice Chair Richard H. Clarida,"Perspectives on Global Monetary Policy Coordination, Cooperation, and Correlation",True,27154,https://www.federalreserve.gov/newsevents/speech/clarida20211119a.htm,"November 19, 2021
Vice Chair Richard H. Clarida
At the ""Macroeconomic Policy and Global Economic Recovery"" 2021 Asia Economic Policy Conference, sponsored by the Federal Reserve Bank of San Francisco Center for Pacific Basin Studies, San Francisco, California (via webcast)
In my remarks today, I wou"
FED,2021-11-19,Governor Christopher J. Waller,Economic Outlook,True,18553,https://www.federalreserve.gov/newsevents/speech/waller20211119a.htm,"November 19, 2021
Governor Christopher J. Waller
At the Center for Financial Stability, New York, New York
It is a pleasure to speak today at the Center for Financial Stability, and I look forward to our conversation. Let me take the next several minutes to speak about the continued improvement of t"
FED,2021-11-17,Governor Christopher J. Waller,Reflections on Stablecoins and Payments Innovations,False,0,https://www.federalreserve.gov/newsevents/speech/waller20211117a.htm,
FED,2021-11-09,Chair Jerome H. Powell,Opening Remarks,True,6609,https://www.federalreserve.gov/newsevents/speech/powell20211109a.htm,"November 09, 2021
Chair Jerome H. Powell
At the Conference on Diversity and Inclusion in Economics, Finance, and Central Banking, sponsored by the Bank of Canada, the Bank of England, the Board of Governors of the Federal Reserve System, and the European Central Bank (via webcast)
Accessible Keys fo"
FED,2021-11-08,Governor Michelle W. Bowman,The U.S. Housing and Mortgage Market: Risks and Resilience,True,14008,https://www.federalreserve.gov/newsevents/speech/bowman20211108a.htm,"November 08, 2021
Governor Michelle W. Bowman
At the Women in Housing and Finance Public Policy Luncheon, Washington, D.C.
Good afternoon, everyone. It is a pleasure to join you today. Thank you for the invitation. Developments in the housing and mortgage markets have a major effect on the economy a"
FED,2021-11-08,Chair Jerome H. Powell,Opening Remarks,True,4991,https://www.federalreserve.gov/newsevents/speech/powell20211108a.htm,"November 08, 2021
Chair Jerome H. Powell
At the Gender and the Economy Conference, a symposium hosted by the Division of Consumer and Community Affairs, Board of Governors of the Federal Reserve System, Washington, D.C. (via webcast)
Accessible Keys for Video
[Space Bar]toggles play/pause;
[Right/Le"
FED,2021-11-08,Vice Chair Richard H. Clarida,Flexible Average Inflation Targeting and Prospects for U.S. Monetary Policy,True,14474,https://www.federalreserve.gov/newsevents/speech/clarida20211108a.htm,"November 08, 2021
Vice Chair Richard H. Clarida
At the Symposium on Monetary Policy Frameworks, The Brookings Institution, Washington, D.C. (via webcast)
Outlooks and Outcomes for the U.S. EconomyThe U.S. economy in the second quarter of this year made the transition from economic recovery to econom"
FED,2021-10-22,Governor Michelle W. Bowman,The Lack of New Bank Formations is a Significant Issue for the Banking Industry,True,14976,https://www.federalreserve.gov/newsevents/speech/bowman20211022a.htm,"October 22, 2021
Governor Michelle W. Bowman
At the 2021 Community Bankers Symposium: Banking on the Future, Federal Reserve Bank of Chicago, Chicago, Illinois
Good morning. I appreciate the opportunity to be part of this symposium on ""Banking on the Future,"" especially since the future of banking i"
FED,2021-10-20,Governor Randal K. Quarles,How Long is Too Long?  How High is Too High?: Managing Recent Inflation Developments  within the FOMCâs Monetary Policy Framework,True,22961,https://www.federalreserve.gov/newsevents/speech/quarles20211020a.htm,"October 20, 2021
Governor Randal K. Quarles
At the 2021 Milken Institute Global Conference ""Charting a New Course,"" Beverly Hills, California
Thank you to the Milken Institute for the opportunity to join you today. This morning I'd like to outline my view of current economic conditions and the econo"
FED,2021-10-19,Governor Christopher J. Waller,The Economic Outlook and a Cautionary Tale  on âIdiosyncraticâ Price Changes and Inflation,True,21184,https://www.federalreserve.gov/newsevents/speech/waller20211019a.htm,"October 19, 2021
Governor Christopher J. Waller
At the Stanford Institute for Economic Policy Research Associates Meeting, Stanford, California (via webcast)
Thank you to the institute for the opportunity to speak to you. Today my goal is to explain my outlook for the U.S. economy as well as how tha"
FED,2021-10-19,Governor Michelle W. Bowman,Welcoming Remarks,True,12266,https://www.federalreserve.gov/newsevents/speech/bowman20211019a.htm,"October 19, 2021
Governor Michelle W. Bowman
At the Women in Banking Symposium, Federal Reserve Bank of Richmond, Richmond, Virginia (via webcast)
Good afternoon. It is a pleasure to be able to join you today for this conversation, and as a bank regulator and former banker, I am pleased that this co"
FED,2021-10-18,Governor Randal K. Quarles,Financial Stability and Coordination in Times of Crisis,True,19194,https://www.federalreserve.gov/newsevents/speech/quarles20211018a.htm,"October 18, 2021
Governor Randal K. Quarles
At the Third Conference on Financial Stability, Madrid, Spain
Thank you, Pablo, for the kind welcome. It is an honor to be here at this important conference on financial stability. And it is great to be here in Madrid and see all of you in person. I commen"
FED,2021-10-13,Governor Michelle W. Bowman,The View from Here:  The Outlook for the U.S. Economy and Implications for Monetary Policy,True,22655,https://www.federalreserve.gov/newsevents/speech/bowman20211013a.htm,"October 13, 2021
Governor Michelle W. Bowman
At the Dykhouse Scholar Program Speakers Series in Money, Banking, and Regulation South Dakota State University, Brookings, South Dakota
It has been a privilege to travel across and explore this beautiful state over the past several days and to be here in"
FED,2021-10-13,Governor Lael Brainard,Financial Inclusion and Economic Challenges in the Shadow of the Pandemic: A Conversation with Tribal Leaders,True,27353,https://www.federalreserve.gov/newsevents/speech/brainard20211013a.htm,"October 13, 2021
Governor Lael Brainard
At Fed Listens: Roundtable with Oklahoma Tribal Leaders, Oklahoma City, Oklahoma
I would like to join Esther George in expressing my appreciation to the leaders of tribal nations assembled here for this opportunity to listen and learn from this afternoon's con"
FED,2021-10-12,Vice Chair Richard H. Clarida,U.S. Economic Outlook and Monetary Policy,True,11149,https://www.federalreserve.gov/newsevents/speech/clarida20211012a.htm,"October 12, 2021
Vice Chair Richard H. Clarida
At the 2021 Institute of International Finance Annual Membership Meeting: Sustainable Economic Growth and Financial Stability in a Diverging, Decarbonizing, Digitizing, Indebted World, Washington, D.C. (via webcast)
It is my pleasure to meet virtually w"
FED,2021-10-07,Governor Lael Brainard,Building Climate Scenario Analysis on the Foundations of Economic Research,False,0,https://www.federalreserve.gov/newsevents/speech/brainard20211007a.htm,
FED,2021-10-05,Vice Chair for Supervision Randal K. Quarles,Goodbye to All That: The End of LIBOR,True,14318,https://www.federalreserve.gov/newsevents/speech/quarles20211005a.htm,"October 05, 2021
Vice Chair for Supervision Randal K. Quarles
At The Structured Finance Association Conference, Las Vegas, Nevada
Now that business travel has started to pick back up as we emerge from the COVID event, a prosaic but insistent problem has reappeared: what to read on a long plane fligh"
FED,2021-09-28,Governor Michelle W. Bowman,Creating a New Model for the Future of Supervision,False,0,https://www.federalreserve.gov/newsevents/speech/bowman20210928a.htm,
FED,2021-09-27,Governor Lael Brainard,Navigating Delta Headwinds on the Path to a Full Recovery,True,22756,https://www.federalreserve.gov/newsevents/speech/brainard20210927a.htm,"September 27, 2021
Governor Lael Brainard
At ""Shocks, Shifts, and the Emerging Economic Landscape"" 2021 Annual Meeting of the National Association for Business Economics, Arlington, Virginia
It is a great honor to join the community of NABE Fellows, and I want to express my appreciation to the Board"
FED,2021-09-24,Chair Jerome H. Powell,Introductory Remarks,False,2577,https://www.federalreserve.gov/newsevents/speech/powell20210924a.htm,"September 24, 2021
Chair Jerome H. Powell
At ""Fed Listens: Perspectives on the Pandemic Recovery,"" sponsored by the Board of Governors of the Federal Reserve System, Washington, D.C. (via webcast)
Nearly three years after we started holding Fed Listens events around the country, the program has prov"
FED,2021-09-09,Governor Michelle W. Bowman,Community Bank Access to Innovation,False,0,https://www.federalreserve.gov/newsevents/speech/bowman20210909a.htm,
FED,2021-08-27,Chair Jerome H. Powell,Monetary Policy in the Time of COVID,True,24552,https://www.federalreserve.gov/newsevents/speech/powell20210827a.htm,"August 27, 2021
Chair Jerome H. Powell
At the ""Macroeconomic Policy in an Uneven Economy,"" economic policy  symposium sponsored by the Federal Reserve Bank of Kansas City, Jackson Hole, Wyoming (via webcast)
Seventeen months have passed since the U.S. economy faced the full force of the COVID-19 pan"
FED,2021-08-17,Chair Jerome H. Powell,Welcoming Remarks,False,3851,https://www.federalreserve.gov/newsevents/speech/powell20210817a.htm,"August 17, 2021
Chair Jerome H. Powell
At Conversation with the Chair: A Virtual Teacher and Student Town Hall Meeting, Washington, D.C. (via webcast)
Thank you, Gigi and Scott, and thanks to everyone for your work in bringing us together today, particularly the Economic Education Group. Congratulat"
FED,2021-08-05,Governor Christopher J. Waller,CBDC: A Solution in Search of a Problem?,True,23355,https://www.federalreserve.gov/newsevents/speech/waller20210805a.htm,"August 05, 2021
Governor Christopher J. Waller
At the American Enterprise Institute, Washington, D.C. (via webcast)
The payment system is changing in profound ways as individuals demand faster payments, central banks including the Fed respond, and nonbank entities seek a greater role in facilitating"
FED,2021-08-04,Vice Chair Richard H. Clarida,"Outlooks, Outcomes, and Prospects for U.S. Monetary Policy",True,18291,https://www.federalreserve.gov/newsevents/speech/clarida20210804a.htm,"August 04, 2021
Vice Chair Richard H. Clarida
At the Peterson Institute for International Economics, Washington, D.C. (via webcast)
Outlooks and Outcomes for the U.S. EconomyWith the release of the gross domestic product (GDP) data last week, we learned that the U.S. economy in the second quarter of"
FED,2021-08-03,Governor Michelle W. Bowman,Welcoming Remarks,True,7827,https://www.federalreserve.gov/newsevents/speech/bowman20210803a.htm,"August 03, 2021
Governor Michelle W. Bowman
At ""Toward an Inclusive Recovery: Improving Labor Force Attachment and Financial Security among Low-Income and Marginalized Workers,"" a research seminar sponsored by the Board of Governors of the Federal Reserve System, Washington, D.C. (via webcast)
Welco"
FED,2021-07-30,Governor Lael Brainard,Assessing Progress as the Economy Moves from Reopening to Recovery,True,10024,https://www.federalreserve.gov/newsevents/speech/brainard20210730a.htm,"July 30, 2021
Governor Lael Brainard
At ""Rebuilding the Post-Pandemic Economy"" 2021 Annual Meeting of the Aspen Economic Strategy Group, Aspen, Colorado
The economy is reopening, consumer spending is strong, and hundreds of thousands of workers are finding jobs in the hard-hit leisure and hospitalit"
FED,2021-07-11,Vice Chair for Supervision Randal K. Quarles,Disclosures and Data: Building Strong Foundations for Addressing Climate-Related Financial Risks,False,0,https://www.federalreserve.gov/newsevents/speech/quarles20210711a.htm,
FED,2021-06-28,Vice Chair for Supervision Randal K. Quarles,Parachute Pants and Central Bank Money,True,23393,https://www.federalreserve.gov/newsevents/speech/quarles20210628a.htm,"June 28, 2021
Vice Chair for Supervision Randal K. Quarles
At the 113th Annual Utah Bankers Association Convention, Sun Valley, Idaho
I have been reflecting recently, and in connection with this speech, on America's centuries-long enthusiasm for novelty. In the main, it has served us and the world w"
FED,2021-06-23,Governor Michelle W. Bowman,Building Economic Resilience in Communities,True,13799,https://www.federalreserve.gov/newsevents/speech/bowman20210623a.htm,"June 23, 2021
Governor Michelle W. Bowman
At the Policy Summit 2021: Pathways to Economic Resilience in our Communities, Federal Reserve Bank of Cleveland, Cleveland, Ohio (via prerecorded video)
Thank you, Emily, and thank you to the Federal Reserve Bank of Cleveland for hosting this policy summit."
FED,2021-06-03,Vice Chair for Supervision Randal K. Quarles,"Jet Flight, Mail Bags, and Banking Regulation",False,0,https://www.federalreserve.gov/newsevents/speech/quarles20210603a.htm,
FED,2021-06-01,Governor Lael Brainard,Remaining Steady as the Economy Reopens,True,24623,https://www.federalreserve.gov/newsevents/speech/brainard20210601a.htm,"June 01, 2021
Governor Lael Brainard
At The Economic Club of New York, New York, New York (via webcast)
It is a pleasure to join the Economic Club of New York for this discussion.1Consumer demand is strong, vaccine coverage is expanding, and pandemic-affected sectors are reopening in fits and starts"
FED,2021-05-26,Vice Chair for Supervision Randal K. Quarles,The Economic Outlook and Monetary Policy,True,22397,https://www.federalreserve.gov/newsevents/speech/quarles20210526b.htm,"May 26, 2021
Vice Chair for Supervision Randal K. Quarles
At the Hutchins Center on Fiscal and Monetary Policy, The Brookings Institution, Washington, D.C. (via webcast)
Thank you, David, and thank you to Brookings and the Hutchins Center for the opportunity to lead things off and be part of this ve"
FED,2021-05-26,Vice Chair for Supervision Randal K. Quarles,Remarks,True,14467,https://www.federalreserve.gov/newsevents/speech/quarles20210526a.htm,"May 26, 2021
Vice Chair for Supervision Randal K. Quarles
At the National Association of Insurance Commissioners International Insurance Forum (via prerecorded video)
Accessible Keys for Video
[Space Bar]toggles play/pause;
[Right/Left Arrows]seeks the video forwards and back (5 sec );
[Up/Down Arro"
FED,2021-05-24,Governor Lael Brainard,Private Money and Central Bank Money as Payments Go Digital: an Update on CBDCs,False,0,https://www.federalreserve.gov/newsevents/speech/brainard20210524a.htm,
FED,2021-05-17,Vice Chair Richard H. Clarida,"Sovereign Markets, Global Factors",True,29738,https://www.federalreserve.gov/newsevents/speech/clarida20210517a.htm,"May 17, 2021
Vice Chair Richard H. Clarida
At ""Fostering a Resilient Economy and Financial System: The Role of Central Banks"" 25th Annual Financial Markets Conference, sponsored by the Center for Financial Innovation and Stability, Federal Reserve Bank of Atlanta, Amelia Island, FL (via webcast)
Goo"
FED,2021-05-13,Governor Christopher J. Waller,The Economic Outlook and Monetary Policy,True,17168,https://www.federalreserve.gov/newsevents/speech/waller20210513a.htm,"May 13, 2021
Governor Christopher J. Waller
At The Global Interdependence Center's 39th Annual Monetary and Trade Conference, The LeBow College of Business, Drexel University, Philadelphia, Pennsylvania (via webcast)
Thank you, Kathleen, and thank you, George and the Global Interdependence Center, f"
FED,2021-05-12,Vice Chair Richard H. Clarida,U.S. Economic Outlook and Monetary Policy,True,10399,https://www.federalreserve.gov/newsevents/speech/clarida20210512a.htm,"May 12, 2021
Vice Chair Richard H. Clarida
At the ""NABE International Symposium: A Vision of the Economy Post COVID,"" Washington, D.C. (via webcast)
It is my pleasure to meet virtually with you today at the National Association for Business Economics International Symposium: A Vision of the Economy "
FED,2021-05-11,Governor Lael Brainard,Patience and Progress as the Economy Reopens and Recovers,True,19458,https://www.federalreserve.gov/newsevents/speech/brainard20210511a.htm,"May 11, 2021
Governor Lael Brainard
At ""The Road to Recovery and What's Next,"" a virtual conference sponsored by the Society for Advancing Business Editing and Writing (via webcast)
I want to thank Heather Long and the Society for Advancing Business Editing and Writing for inviting me to join you to"
FED,2021-05-05,Governor Michelle W. Bowman,The Economic Outlook and Implications for Monetary Policy,True,10561,https://www.federalreserve.gov/newsevents/speech/bowman20210505a.htm,"May 05, 2021
Governor Michelle W. Bowman
At The Colorado Forum, Denver, Colorado (via webcast)
Thank you for this opportunity to address the members of the Colorado Forum, which has been an arena for thoughtful discussion and debate for more than 40 years. Today I would like to discuss a subject tha"
FED,2021-05-03,Chair Jerome H. Powell,Community Development,True,8123,https://www.federalreserve.gov/newsevents/speech/powell20210503a.htm,"May 03, 2021
Chair Jerome H. Powell
At the ""2021 Just Economy Conference"" sponsored by the National Community Reinvestment Coalition, Washington, D.C. (via webcast)
Good afternoon. It is a pleasure to be with you today.
Together, over the past year, we have been making our way through a very difficu"
FED,2021-04-14,Vice Chair Richard H. Clarida,The Federal Reserve's New Framework and Outcome-Based Forward Guidance,True,26487,https://www.federalreserve.gov/newsevents/speech/clarida20210414a.htm,"April 14, 2021
Vice Chair Richard H. Clarida
At ""SOMC: The Federal Reserveâs New Policy Framework"" a forum sponsored by the Manhattan Institute's Shadow Open Market Committee, New York, New York (via webcast)
On August 27, the Federal Open Market Committee (FOMC) unanimously approved a revised Sta"
FED,2021-03-30,Vice Chair for Supervision and Chair of the Financial Stability Board Randal K. Quarles,"The FSB in 2021:  Addressing Financial Stability Challenges in an Age of Interconnectedness, Innovation, and Change",True,18231,https://www.federalreserve.gov/newsevents/speech/quarles20210330a.htm,"March 30, 2021
Vice Chair for Supervision and Chair of the Financial Stability Board Randal K. Quarles
At the Peterson Institute for International Economics, Washington, D.C. (via webcast)
IntroductionThank you for inviting me today. It's an honor and a pleasure to speak here at the Peterson Institu"
FED,2021-03-29,Governor Christopher J. Waller,TreasuryâFederal Reserve Cooperation and the Importance of Central Bank Independence,True,20626,https://www.federalreserve.gov/newsevents/speech/waller20210329a.htm,"March 29, 2021
Governor Christopher J. Waller
At the Peterson Institute for International Economics, Washington, D.C. (via webcast)
By way of introduction, I spent the first part of my career as an economics professor and researcher. One of my main fields of inquiry was monetary policy theory. I hav"
FED,2021-03-25,Vice Chair Richard H. Clarida,U.S. Economic Outlook and Monetary Policy,True,10234,https://www.federalreserve.gov/newsevents/speech/clarida20210325a.htm,"March 25, 2021
Vice Chair Richard H. Clarida
At the 2021 Institute of International Finance Washington Policy Summit, Washington, D.C. (via webcast)
It is my pleasure to meet virtually with you today at the 2021 Institute of International Finance (IIF) Washington Policy Summit.1I regret that we are "
FED,2021-03-23,Governor Lael Brainard,Remaining Patient as the Outlook Brightens,True,19176,https://www.federalreserve.gov/newsevents/speech/brainard20210323b.htm,"March 23, 2021
Governor Lael Brainard
At the National Association for Business Economics Virtual 37th Annual Economic Policy Conference, Washington, D.C. (via webcast)
It has now been a year since the onset of COVID-19 in the United States. The past year has been marked by heartache and hardship, es"
FED,2021-03-23,Governor Lael Brainard,Financial Stability Implications of Climate Change,False,0,https://www.federalreserve.gov/newsevents/speech/brainard20210323a.htm,
FED,2021-03-22,Governor Michelle W. Bowman,The Economic Outlook and Prospects for Small Business,True,17462,https://www.federalreserve.gov/newsevents/speech/bowman20210322a.htm,"March 22, 2021
Governor Michelle W. Bowman
At the Economic Club of Oklahoma, Oklahoma City, Oklahoma (via webcast)
Thank you, Doug, and thank you to the members of the Economic Club of Oklahoma for the opportunity to speak about a subject of vital interest to all of usâthe outlook for the U.S. eco"
FED,2021-03-22,Vice Chair for Supervision Randal K. Quarles,Keynote Remarks,True,11492,https://www.federalreserve.gov/newsevents/speech/quarles20210322a.htm,"March 22, 2021
Vice Chair for Supervision Randal K. Quarles
At ""The SOFR Symposium: The Final Year,"" an event hosted by the Alternative Reference Rates Committee, New York, New York (via webcast)
I am pleased to join this first symposium being held by the Alternative Reference Rates Committee (ARRC)"
FED,2021-03-18,Chair Jerome H. Powell,Closing Remarks,False,5878,https://www.federalreserve.gov/newsevents/speech/powell20210318a.htm,"March 18, 2021
Chair Jerome H. Powell
At ""Pushing the Frontiers of Payments: Towards Faster, Cheaper, More Transparent and More Inclusive Cross Border Payments,"" a conference hosted by the Committee on Payments and Market Infrastructures, Basel, Switzerland (via prerecorded video)
I would like to th"
FED,2021-03-02,Governor Lael Brainard,U.S. Economic Outlook and Monetary Policy: An Update,True,16305,https://www.federalreserve.gov/newsevents/speech/brainard20210302a.htm,"March 02, 2021
Governor Lael Brainard
At the C. Peter McColough Series on International Economics, Council on Foreign Relations, New York, New York (via webcast)
It has been one year since the first wave of the COVID-19 pandemic hit our shoresâa year marked by heartbreak and hardship. We are all l"
FED,2021-03-01,Governor Lael Brainard,Some Preliminary Financial Stability Lessons from the COVID-19 Shock,True,25987,https://www.federalreserve.gov/newsevents/speech/brainard20210301a.htm,"March 01, 2021
Governor Lael Brainard
At the 2021 Annual Washington Conference, Institute of International Bankers (via webcast)
It has now been one year since the devastating effects of the first wave of the COVID-19 pandemic hit our shores, a year marked by heartbreak and hardship.1We look forward"
FED,2021-02-25,Vice Chair for Supervision Randal K. Quarles,Themistocles and the Mathematicians: The Role of Stress Testing,True,17586,https://www.federalreserve.gov/newsevents/speech/quarles20210225a.htm,"February 25, 2021
Vice Chair for Supervision Randal K. Quarles
At the Federal Reserve Bank of Atlanta, Atlanta, Georgia (via webcast)
One of the principal themes of human historyâand certainly of economic historyâis that of a sudden technological breakthrough originally deployed for one purpose "
FED,2021-02-24,Vice Chair Richard H. Clarida,U.S. Economic Outlook and Monetary Policy,True,9663,https://www.federalreserve.gov/newsevents/speech/clarida20210224a.htm,"February 24, 2021
Vice Chair Richard H. Clarida
At the U.S. Chamber of Commerce, Washington, D.C. (via webcast)
Vice Chair Clarida delivered identical remarks to the American Chamber of Commerce in Australia's ""Live from America"" webinar series on February 24, 2021.
It is my pleasure to meet virtual"
FED,2021-02-24,Governor Lael Brainard,How Should We Think about Full Employment in the Federal Reserve's Dual Mandate?,True,35004,https://www.federalreserve.gov/newsevents/speech/brainard20210224a.htm,"February 24, 2021
Governor Lael Brainard
At the Ec10, Principles of Economics, Lecture, Faculty of Arts and Sciences, Harvard University, Cambridge, Massachusetts (via webcast)
I want to thank Jason Furman and David Laibson for inviting me to join your economics class. I often found it difficult in "
FED,2021-02-22,Governor Michelle W. Bowman,Economic Inclusion in Lower-Income Communities,True,6471,https://www.federalreserve.gov/newsevents/speech/bowman20210222a.htm,"February 22, 2021
Governor Michelle W. Bowman
At the ""Advance Together"" Celebration sponsored by the Federal Reserve Bank of Dallas (via webcast)
Thank you, President Kaplan, our Advance Together partners, and everyone here for joining us today. I am honored to participate in this event and welcome "
FED,2021-02-18,Governor Lael Brainard,The Role of Financial Institutions in Tackling the Challenges of Climate Change,False,0,https://www.federalreserve.gov/newsevents/speech/brainard20210218a.htm,
FED,2021-02-16,Governor Michelle W. Bowman,My Perspective on Bank Regulation and Supervision,False,0,https://www.federalreserve.gov/newsevents/speech/bowman20210216a.htm,
FED,2021-02-10,Chair Jerome H. Powell,Getting Back to a Strong Labor Market,True,19799,https://www.federalreserve.gov/newsevents/speech/powell20210210a.htm,"February 10, 2021
Chair Jerome H. Powell
At the Economic Club of New York (via webcast)
Today I will discuss the state of our labor market, from the recent past to the present and then over the longer term. A strong labor market that is sustained for an extended period can deliver substantial econom"
FED,2021-01-13,Vice Chair Richard H. Clarida,The Federal Reserve's New Framework: Context and Consequences,True,21804,https://www.federalreserve.gov/newsevents/speech/clarida20210113a.htm,"January 13, 2021
Vice Chair Richard H. Clarida
At the ""The Road Ahead for Central Banks,"" a seminar sponsored by  the Hoover Economic Policy Working Group, Hoover Institution, Stanford, California (via webcast)
On August 27, 2020, the Federal Open Market Committee (FOMC) unanimously approved a revis"
FED,2021-01-13,Governor Lael Brainard,Full Employment in the New Monetary Policy Framework,True,24339,https://www.federalreserve.gov/newsevents/speech/brainard20210113a.htm,"January 13, 2021
Governor Lael Brainard
At the Inaugural Mike McCracken Lecture on Full Employment Sponsored by the Canadian Association for Business Economics (via webcast)
I want to thank the Canadian Association for Business Economics for inviting me to join you today, particularly president Bonn"
FED,2021-01-12,Governor Lael Brainard,Supporting Responsible Use of AI and Equitable Outcomes in Financial Services,True,22442,https://www.federalreserve.gov/newsevents/speech/brainard20210112a.htm,"January 12, 2021
Governor Lael Brainard
At the AI Academic Symposium hosted by the Board of Governors of the Federal Reserve System, Washington, D.C. (Virtual Event)
Today's symposium on the use of artificial intelligence (AI) in financial services is part of the Federal Reserve's broader effort to "
FED,2021-01-08,Vice Chair Richard H. Clarida,U.S. Economic Outlook and Monetary Policy,True,9833,https://www.federalreserve.gov/newsevents/speech/clarida20210108a.htm,"January 08, 2021
Vice Chair Richard H. Clarida
At the C. Peter McColough Series on International Economics Council on Foreign Relations, New York, New York (via webcast)
It is my pleasure to meet virtually with you today at the Council on Foreign Relations.1I regret that we are not doing this sessio"
FED,2022-12-01,Vice Chair for Supervision Michael S. Barr,Why Bank Capital Matters,True,36204,https://www.federalreserve.gov/newsevents/speech/barr20221201a.htm,"December 01, 2022
Vice Chair for Supervision Michael S. Barr
At the American Enterprise Institute, Washington, D.C. (virtual)
In my first speech as Vice Chair for Supervision in September, I said that the Federal Reserve Board would soon engage in a holistic review of capital standards. My argument,"
FED,2022-11-30,Chair Jerome H. Powell,Inflation and the Labor Market,True,20368,https://www.federalreserve.gov/newsevents/speech/powell20221130a.htm,"November 30, 2022
Chair Jerome H. Powell
At the Hutchins Center on Fiscal and Monetary Policy, Brookings Institution, Washington, D.C.
Today I will offer a progress report on the Federal Open Market Committee's (FOMC) efforts to restore price stability to the U.S. economy for the benefit of the Amer"
FED,2022-11-30,Governor Lisa D. Cook,The Economic Outlook and U.S. Productivity,True,18956,https://www.federalreserve.gov/newsevents/speech/cook20221130a.htm,"November 30, 2022
Governor Lisa D. Cook
At the Detroit Economic Club, Detroit, Michigan
Good morning. It is a pleasure to be back in Michigan, although I wish I had been here to participate in the Turkey Trot last week, which is an annual tradition for my family and me. It is especially a treat to b"
FED,2022-11-28,Vice Chair Lael Brainard,"What Can We Learn from the Pandemic and the War  about Supply Shocks, Inflation, and Monetary Policy?",True,16441,https://www.federalreserve.gov/newsevents/speech/brainard20221128a.htm,"November 28, 2022
Vice Chair Lael Brainard
At the 21st BIS Annual Conference Central Banking after the Pandemic: Challenges Ahead, Bank for International Settlements, Basel, Switzerland
Policymakers and researchers have begun reassessing certain features of the economy and monetary policy in light o"
FED,2022-11-17,Governor Philip N. Jefferson,Opportunity and Inclusive Economic Growth,True,8362,https://www.federalreserve.gov/newsevents/speech/jefferson20221117a.htm,"November 17, 2022
Governor Philip N. Jefferson
At the 2022 Institute Research Conference, hosted by  the Opportunity and Inclusive Growth Institute, Federal Reserve Bank of Minneapolis, Minneapolis, Minnesota
Good morning, and thank you. It is a pleasure to be here. I would like to use my time today"
FED,2022-11-17,Governor Michelle W. Bowman,Financial Education,False,10310,https://www.federalreserve.gov/newsevents/speech/bowman20221117a.htm,"November 17, 2022
Governor Michelle W. Bowman
At the Financial Literacy and Education Commission Public Meeting, Financial Literacy and Education Commission, Washington, DC (via webcast)
Good morning. It is a pleasure to join today's meeting, I appreciate the invitation from the Financial Literacy a"
FED,2022-11-16,Governor Christopher J. Waller,The Economic Outlook and a Word of Caution on Inflation,True,18124,https://www.federalreserve.gov/newsevents/speech/waller20221116a.htm,"November 16, 2022
Governor Christopher J. Waller
At the 59th Annual Economic Forecast Luncheon, Phoenix, Arizona
Thank you, Dean Kadan, and thank you for the opportunity to speak today about the outlook for the U.S. economy and the implications for the Federal Reserve's ongoing fight to reduce infla"
FED,2022-10-20,Governor Michelle W. Bowman,Welcoming Remarks,True,7960,https://www.federalreserve.gov/newsevents/speech/bowman20221020a.htm,"October 20, 2022
Governor Michelle W. Bowman
At ""Toward an Inclusive Recovery,"" a research seminar sponsored by the Board of Governors of the Federal Reserve System, Washington, D.C. (via webcast)
Accessible Keys for Video
[Space Bar]toggles play/pause;
[Right/Left Arrows]seeks the video forwards an"
FED,2022-10-14,Governor Christopher J. Waller,The U.S. Dollar and Central Bank Digital Currencies,True,18117,https://www.federalreserve.gov/newsevents/speech/waller20221014a.htm,"October 14, 2022
Governor Christopher J. Waller
At ""Digital Currencies and National Security Tradeoffs,"" a symposium presented by the Harvard National Security Journal, Cambridge, Massachusetts
Thank you, Professor Jackson, and thank you to theHarvardNational Security Journalfor the invitation to sp"
FED,2022-10-12,Governor Michelle W. Bowman,Forward Guidance as a Monetary Policy Tool: Considerations for the Current Economic Environment,True,24772,https://www.federalreserve.gov/newsevents/speech/bowman20221012a.htm,"October 12, 2022
Governor Michelle W. Bowman
At the Money Marketeers of New York University, New York, New York
Thanks to the Money Marketeers for inviting me to share my perspective on the conduct of monetary policy in the current environment of unacceptably high inflation. It is a pleasure to be h"
FED,2022-10-12,Vice Chair for Supervision Michael S. Barr,Managing the Promise and Risk of Financial Innovation,True,14599,https://www.federalreserve.gov/newsevents/speech/barr20221012a.htm,"October 12, 2022
Vice Chair for Supervision Michael S. Barr
At D.C. Fintech Week, Washington, D.C.
Thank you, Chris, and thank you for the invitation to speak to you today about the opportunities and risks of innovation. For the purposes of our discussion today, I will be focusing on financial innov"
FED,2022-10-10,Vice Chair Lael Brainard,Restoring Price Stability in an Uncertain Economic Environment,True,16491,https://www.federalreserve.gov/newsevents/speech/brainard20221010a.htm,"October 10, 2022
Vice Chair Lael Brainard
At ""Shocks and Aftershocks: Finding Balance in an Unstable World"" 64th National Association for Business Economics Annual Meeting, Chicago, Illinois
It is a pleasure to join this discussion today.1Inflation is high in the United States and around the world r"
FED,2022-10-06,Governor Christopher J. Waller,The Economic Outlook with a Look at the Housing Market,True,17781,https://www.federalreserve.gov/newsevents/speech/waller20221006a.htm,"October 06, 2022
Governor Christopher J. Waller
At the Mark C. Berger Workshop Series, University of Kentucky, Lexington, Kentucky
Thank you, Jim, and thank you to the University of Kentucky for the opportunity to speak to you today. It is nice to be back in the Bluegrass state and see old friends a"
FED,2022-10-06,Governor Lisa D. Cook,Economic Outlook,True,14715,https://www.federalreserve.gov/newsevents/speech/cook20221006a.htm,"October 06, 2022
Governor Lisa D. Cook
At the Peterson Institute for International Economics, Washington, D.C.
Thank you, Adam, and thank you to the Peterson Institute for inviting me to speak today. This is my first speech as a Fed Governor, and I am delighted to deliver it here, joining friends an"
FED,2022-10-04,Governor Philip N. Jefferson,Technologyâs Impact on the Post-Pandemic Economy,True,9918,https://www.federalreserve.gov/newsevents/speech/jefferson20221004a.htm,"October 04, 2022
Governor Philip N. Jefferson
At âTechnology-Enabled Disruption:  Lessons from the Pandemic and the Path Ahead,â a conference organized by the Federal Reserve Banks of Atlanta, Dallas, and Richmond
Good morning, and thank you. It is a pleasure to be here today. I am happy to be g"
FED,2022-09-30,Governor Michelle W. Bowman,Large Bank Supervision and Regulation,False,0,https://www.federalreserve.gov/newsevents/speech/bowman20220930a.htm,
FED,2022-09-30,Vice Chair Lael Brainard,Global Financial Stability Considerations for Monetary Policy in a High-Inflation Environment,True,14531,https://www.federalreserve.gov/newsevents/speech/brainard20220930a.htm,"September 30, 2022
Vice Chair Lael Brainard
At âFinancial Stability Considerations for Monetary Policy,â a research conference organized by  the Board of Governors of the Federal Reserve System and  the Federal Reserve Bank of New York, New York, New York
I want to start by thanking Anna Kovner,"
FED,2022-09-28,Governor Michelle W. Bowman,The New Landscape for Banking Competition,True,25400,https://www.federalreserve.gov/newsevents/speech/bowman20220928a.htm,"September 28, 2022
Governor Michelle W. Bowman
At the 2022 Community Banking Research Conference, sponsored by the Federal Reserve, the Conference of State Bank Supervisors, and the Federal Deposit Insurance Corporation, St. Louis, Missouri
Good morning and thank you, Jim, it's great to be back here"
FED,2022-09-28,Chair Jerome H. Powell,Welcoming Remarks,True,3103,https://www.federalreserve.gov/newsevents/speech/powell20220928a.htm,"September 28, 2022
Chair Jerome H. Powell
At the 2022 Community Banking Research Conference, sponsored by the Federal Reserve, the Conference of State Bank Supervisors,  and the Federal Deposit Insurance Corporation, St. Louis, Missouri (via pre-recorded video)
Accessible Keys for Video
[Space Bar]t"
FED,2022-09-09,Governor Christopher J. Waller,The Economic Outlook: Time to Let the Data Do the Talking,True,18933,https://www.federalreserve.gov/newsevents/speech/waller20220909a.htm,"September 09, 2022
Governor Christopher J. Waller
At the 17th Annual Vienna Macroeconomics Workshop (2022), Vienna, Austria
Thank you, Klaus, and thank you for the invitation to speak at this workshop, which I have been attending since its very beginning in 2004. Something that I love about this con"
FED,2022-09-07,Vice Chair for Supervision Michael S. Barr,Making the Financial System Safer and Fairer,True,19559,https://www.federalreserve.gov/newsevents/speech/barr20220907a.htm,"September 07, 2022
Vice Chair for Supervision Michael S. Barr
At the Brookings Institution, Washington, D.C.
Thank you, David, and thank you to the Brookings Institution for the invitation to speak to you today.1On July 19, I had the honor of being sworn in as the Vice Chair for Supervision of the B"
FED,2022-09-07,Vice Chair Lael Brainard,Bringing Inflation Down,True,16172,https://www.federalreserve.gov/newsevents/speech/brainard20220907a.htm,"September 07, 2022
Vice Chair Lael Brainard
At the Clearing House and Bank Policy Institute 2022 Annual Conference, New York, New York
Over the past year, inflation has been very high in the United States and around the world (figure 1). High inflation imposes costs on all households, and especially"
FED,2022-08-29,Vice Chair Lael Brainard,Progress on Fast Payments for All: An Update on FedNow,False,0,https://www.federalreserve.gov/newsevents/speech/brainard20220829a.htm,
FED,2022-08-26,Chair Jerome H. Powell,Monetary Policy and Price Stability,True,9210,https://www.federalreserve.gov/newsevents/speech/powell20220826a.htm,"August 26, 2022
Chair Jerome H. Powell
At âReassessing Constraints on the Economy and Policy,â an economic policy symposium sponsored by the Federal Reserve Bank of Kansas City, Jackson Hole, Wyoming
Thank you for the opportunity to speak here today.
At past Jackson Hole conferences, I have disc"
FED,2022-08-17,Governor Michelle W. Bowman,Working Women in the Pandemic Era,True,19133,https://www.federalreserve.gov/newsevents/speech/bowman20220817b.htm,"August 17, 2022
Governor Michelle W. Bowman
At Arkansas Women's Commission Meeting, Russellville, Arkansas
It's a pleasure to be with you today to talk about a subject that I experience directlyâwomen's labor force participation.1I come to this issue with a similar perspective to this Commission, "
FED,2022-08-17,Governor Michelle W. Bowman,"Technology, Innovation, and Financial Services",True,13343,https://www.federalreserve.gov/newsevents/speech/bowman20220817a.htm,"August 17, 2022
Governor Michelle W. Bowman
At the VenCent Fintech Conference, Little Rock, Arkansas
Thank you, Commissioner Marshall, for the invitation to speak to you today. It's really a pleasure to be here, finally in person at the Venture Center.1Much has happened over the past few years, and "
FED,2022-08-06,Governor Michelle W. Bowman,Fighting Inflation in Challenging Times,True,14652,https://www.federalreserve.gov/newsevents/speech/bowman20220806a.htm,"August 06, 2022
Governor Michelle W. Bowman
At the 2022 CEO & Senior Management Summit sponsored by the Kansas Bankers Association, Colorado Springs, Colorado
Thanks to the Kansas Bankers Association for the invitation to share my perspective on the economy and bank regulation. It is always a pleasu"
FED,2022-07-19,Vice Chair Lael Brainard,Strengthening the CRA: A Conversation with Representatives of Native Communities,True,7304,https://www.federalreserve.gov/newsevents/speech/brainard20220719a.htm,"July 19, 2022
Vice Chair Lael Brainard
At National Native Coalition Virtual Series on the Community Reinvestment Act Notice of Proposed Rulemaking (via webcast)
Good afternoon.1I am happy to join you today for the National Native Coalition listening session to discuss the Community Reinvestment Act "
FED,2022-07-14,Governor Christopher J. Waller,Monetary Policy in a World of Conflicting Data,True,21412,https://www.federalreserve.gov/newsevents/speech/waller20220714a.htm,"July 14, 2022
Governor Christopher J. Waller
At Rocky Mountain Economic Summit Global Interdependence Center, Victor, Idaho
Thank you, Mike, and thank you to the Global Interdependence Center for the invitation to speak to you today.1Let me start at the place that all remarks about U.S. monetary pol"
FED,2022-07-08,Vice Chair Lael Brainard,Crypto-Assets and Decentralized Finance through a Financial Stability Lens,True,21055,https://www.federalreserve.gov/newsevents/speech/brainard20220708a.htm,"July 08, 2022
Vice Chair Lael Brainard
At Bank of England Conference, London, United Kingdom
Recent volatility has exposed serious vulnerabilities in the crypto financial system.1While touted as a fundamental break from traditional finance, the crypto financial system turns out to be susceptible to "
FED,2022-06-23,Governor Michelle W. Bowman,The Outlook for Inflation and Monetary Policy,True,8814,https://www.federalreserve.gov/newsevents/speech/bowman20220623a.htm,"June 23, 2022
Governor Michelle W. Bowman
At Executive Officers Conference, Massachusetts Bankers Association, Harwich, Massachusetts
Thank you to the Massachusetts Bankers Association for the opportunity to speak to you today. It is often good to get away from Washington to gain some perspective, a"
FED,2022-06-18,Governor Christopher J. Waller,Lessons Learned on Normalizing Monetary Policy,True,18042,https://www.federalreserve.gov/newsevents/speech/waller20220618a.htm,"June 18, 2022
Governor Christopher J. Waller
At âMonetary Policy at a Crossroads,â a panel discussion hosted by the Dallas Society for Computational Economics, Dallas, Texas
Thank you, Meredith and Cullum and thank you to the Society for the invitation to speak to you today. This week, the Feder"
FED,2022-06-17,Chair Jerome H. Powell,Welcoming Remarks,False,6131,https://www.federalreserve.gov/newsevents/speech/powell20220617a.htm,"June 17, 2022
Chair Jerome H. Powell
At the ""International Roles of the U.S. Dollar,"" a research conference sponsored by  the Federal Reserve Board, Washington, DC
Accessible Keys for Video
[Space Bar]toggles play/pause;
[Right/Left Arrows]seeks the video forwards and back (5 sec );
[Up/Down Arrows]"
FED,2022-06-03,Governor Christopher J. Waller,Risk in the Crypto Markets,False,10493,https://www.federalreserve.gov/newsevents/speech/waller20220603a.htm,"June 03, 2022
Governor Christopher J. Waller
At the SNB-CIF Conference on Cryptoassets and Financial Innovation, ZÃ¼rich, Switzerland
Thank you for the chance to be part of this interesting discussion. It's a pleasure to speak with such a good mix of academic, industry, and official-sector experts a"
FED,2022-05-30,Governor Christopher J. Waller,"Responding to High Inflation, with Some Thoughts on a Soft Landing",True,29221,https://www.federalreserve.gov/newsevents/speech/waller20220530a.htm,"May 30, 2022
Governor Christopher J. Waller
At the Institute for Monetary and Financial Stability (IMFS) Distinguished Lecture, Goethe University Frankfurt, Germany
Thank you, Professor Wieland, for the introduction, and thank you to the Institute for Monetary and Financial Stability for the opportu"
FED,2022-05-25,Vice Chair Lael Brainard,Commencement Remarks,True,13519,https://www.federalreserve.gov/newsevents/speech/brainard20220525a.htm,"May 25, 2022
Vice Chair Lael Brainard
At the 2022 Commencement of the School for Advanced International Studies, Johns Hopkins University, Washington, D.C.
It is an honor to be here today. Thank you, Dean Steinberg, members of the faculty and staff, members of the Board, distinguished guests, parent"
FED,2022-05-24,Chair Jerome H. Powell,Welcoming Remarks,False,4426,https://www.federalreserve.gov/newsevents/speech/powell20220524a.htm,"May 24, 2022
Chair Jerome H. Powell
At the Reservation Economic Summit 2022 hosted by the National Center for American Indian Enterprise Development, Las Vegas, Nevada (via prerecorded video)
Accessible Keys for Video
[Space Bar]toggles play/pause;
[Right/Left Arrows]seeks the video forwards and bac"
FED,2022-05-06,Governor Christopher J. Waller,Reflections on Monetary Policy in 2021,True,13771,https://www.federalreserve.gov/newsevents/speech/waller20220506a.htm,"May 06, 2022
Governor Christopher J. Waller
At the 2022 Hoover Institution Monetary Conference, Stanford, California
I want to thank the organizers for inviting me to speak here today. The discussion has focused on the following question: ""How did the Fed get so far behind the curve?"" My response is"
FED,2022-04-05,Governor Lael Brainard,Variation in the Inflation Experiences of Households,True,25260,https://www.federalreserve.gov/newsevents/speech/brainard20220405a.htm,"April 05, 2022
Governor Lael Brainard
At the Spring 2022 Institute Research Conference, Opportunity and Inclusive Growth Institute, Federal Reserve Bank of Minneapolis, Minneapolis, Minnesota (via webcast)
It is a pleasure to join you to discuss differences in how households at different income leve"
FED,2022-03-24,Governor Christopher J. Waller,The Red Hot Housing Market: the Role of Policy and Implications for Housing Affordability,True,22061,https://www.federalreserve.gov/newsevents/speech/waller20220324a.htm,"March 24, 2022
Governor Christopher J. Waller
At the ""Recent Fiscal and Monetary Policy: Implications for U.S. and Israeli Real Estate Markets"" conference
Thank you, Debra, and thank you to the Alrov Institute and the Rutgers Center for Real Estate for the invitation to be part of this conference. T"
FED,2022-03-21,Chair Pro Tempore Jerome H. Powell,Restoring Price Stability,True,17729,https://www.federalreserve.gov/newsevents/speech/powell20220321a.htm,"March 21, 2022
Chair Pro Tempore Jerome H. Powell
At ""Policy Options for Sustainable and Inclusive Growth"" 38th Annual Economic Policy Conference National Association for Business Economics, Washington, D.C.
Thank you for the opportunity to speak with you today.
Let me first pause to recognize the m"
FED,2022-03-18,Governor Michelle W. Bowman,Welcoming Remarks,True,2977,https://www.federalreserve.gov/newsevents/speech/bowman20220318a.htm,"March 18, 2022
Governor Michelle W. Bowman
At Fed Listens: Helping Youth ThriveâA Discussion with Leaders, Federal Reserve Bank of Cleveland,  Cleveland, Ohio (via livestream)
When we started theFed Listensinitiative, we wanted input from the public on one big decision that the Fed faced, which wa"
FED,2022-02-24,Governor Christopher J. Waller,Fighting Inflation with Rate Hikes and Balance Sheet Reduction,True,22902,https://www.federalreserve.gov/newsevents/speech/waller20220224a.htm,"February 24, 2022
Governor Christopher J. Waller
At the Economic Forecast Project, University of California, Santa Barbara, Santa Barbara, California
Thank you Peter, and thank you to the UCSB Economic Forecast Project for the invitation to speak today. My plan is to start with my outlook for the U."
FED,2022-02-21,Governor Michelle W. Bowman,High Inflation and the Outlook for Monetary Policy,True,9604,https://www.federalreserve.gov/newsevents/speech/bowman20220221a.htm,"February 21, 2022
Governor Michelle W. Bowman
At the American Bankers Association Community Banking Conference, Palm Desert, California
Before we get to our conversation on community banking, I would like to briefly discuss my outlook for the U.S. economy and my view of appropriate monetary policy.1"
FED,2022-02-18,Governor Lael Brainard,Preparing for the Financial System of the Future,True,19345,https://www.federalreserve.gov/newsevents/speech/brainard20220218a.htm,"February 18, 2022
Governor Lael Brainard
At the 2022 U.S. Monetary Policy Forum, New York, New York
The financial system is undergoing fast-moving changes associated with digitalization and decentralization. Some of these innovations hold considerable promise to reduce transaction costs and friction"
FED,2022-02-18,Governor Christopher J. Waller,"Comments on ""Some Benefits and Risks of a Hot Economy""",True,169,https://www.federalreserve.gov/newsevents/speech/waller20220218a.htm,"February 18, 2022
Governor Christopher J. Waller
At the 2022 U.S. Monetary Policy Forum, New York, New York
""Some Benefits and Risks of a Hot Economy""
Accessible Version"
